,DOP1_leucine_zipper_like_protein_B,tetratricopeptide_repeat_domain_6,methyltransferase_like_26,immunoglobulin_superfamily_member_5,FERM_domain_containing_3,hephaestin_like_1,tensin_1
P_001_1,0,0,1,0,1,0,0
P_002_1,0,0,1,0,1,0,0
P_003_1,0,0,0,1,0,0,0
P_004_1,0,0,1,0,0,0,0
P_005_1,0,0,1,0,0,0,0
P_006_1,0,0,1,0,0,0,0
P_007_1,0,0,0,0,0,0,1
P_008_1,0,1,1,0,0,0,0
P_009_1,0,0,1,0,0,0,0
P_010_1,0,0,1,0,0,0,0
P_011_1,0,0,1,0,0,0,0
P_012_1,0,0,0,0,0,0,0
P_013_1,0,0,0,0,0,0,0
P_014_1,0,1,0,0,1,0,0
P_015_1,0,1,0,0,1,0,0
P_016_1,0,0,1,0,0,0,0
P_017_1,0,0,0,0,0,0,1
P_018_1,0,0,0,0,0,0,0
P_019_1,1,0,0,0,0,0,0
P_020_1,0,0,0,0,0,0,0
P_021_1,0,0,1,0,0,0,0
P_023_1,0,0,1,0,1,0,0
P_024_1,0,0,1,0,0,0,0
P_025_1,0,0,0,1,0,0,0
P_026_1,0,0,0,0,0,0,0
P_027_1,0,1,1,0,0,0,0
P_028_1,1,0,1,0,1,0,0
P_029_1,1,0,0,0,1,0,0
P_030_1,0,0,1,0,0,0,0
P_031_1,0,1,0,0,0,0,0
P_032_1,0,0,1,0,0,0,0
P_033_1,0,0,0,0,0,0,0
P_034_1,0,0,1,0,0,1,0
P_035_1,0,0,1,0,0,0,0
P_036_1,0,0,0,0,0,0,0
P_037_1,1,0,0,0,0,0,0
P_038_1,0,0,1,0,0,0,0
P_039_1,0,0,1,0,0,0,0
P_040_1,0,0,0,0,0,0,0
P_041_1,0,0,1,0,0,0,0
P_043_1,0,0,1,0,0,0,0
P_044_1,0,0,0,0,0,0,0
P_045_1,1,0,0,0,0,0,0
P_046_1,0,0,1,0,1,0,0
P_047_1,0,0,1,0,1,0,0
P_048_1,0,0,0,0,0,0,0
P_049_1,1,0,0,1,0,0,0
P_050_1,0,0,0,0,0,0,0
P_051_1,0,0,1,0,0,0,0
P_052_1,0,0,0,0,0,0,0
P_053_1,0,0,0,0,0,0,0
P_054_1,0,0,0,0,0,0,0
P_055_1,0,0,0,0,0,0,0
P_056_1,0,0,1,0,0,0,0
P_057_1,0,0,0,0,0,0,0
P_058_1,0,0,0,0,0,0,0
P_059_1,0,0,1,0,0,0,0
P_060_1,0,0,0,0,0,0,0
P_061_1,0,0,0,0,0,0,0
P_062_1,0,0,1,0,1,0,0
P_001_2,0,0,1,0,1,0,0
P_002_2,0,0,1,0,1,0,0
P_003_2,0,0,0,1,0,0,0
P_004_2,0,0,1,0,0,0,0
P_005_2,0,0,1,0,0,0,0
P_006_2,0,0,1,0,0,0,0
P_007_2,0,0,0,0,0,0,1
P_008_2,0,1,1,0,0,0,0
P_009_2,0,0,1,0,0,0,0
P_010_2,0,0,1,0,0,0,0
P_011_2,0,0,1,0,0,0,0
P_012_2,0,0,0,0,0,0,0
P_013_2,0,0,0,0,0,0,0
P_014_2,0,1,0,0,1,0,0
P_015_2,0,1,0,0,1,0,0
P_016_2,0,0,1,0,0,0,0
P_017_2,0,0,0,0,0,0,1
P_018_2,0,0,0,0,0,0,0
P_019_2,1,0,0,0,0,0,0
P_020_2,0,0,0,0,0,0,0
P_021_2,0,0,1,0,0,0,0
P_023_2,0,0,1,0,1,0,0
P_024_2,0,0,1,0,0,0,0
P_025_2,0,0,0,1,0,0,0
P_026_2,0,0,0,0,0,0,0
P_027_2,0,1,1,0,0,0,0
P_028_2,1,0,1,0,1,0,0
P_029_2,1,0,0,0,1,0,0
P_030_2,0,0,1,0,0,0,0
P_031_2,0,1,0,0,0,0,0
P_032_2,0,0,1,0,0,0,0
P_033_2,0,0,0,0,0,0,0
P_034_2,0,0,1,0,0,1,0
P_035_2,0,0,1,0,0,0,0
P_036_2,0,0,0,0,0,0,0
P_037_2,1,0,0,0,0,0,0
P_038_2,0,0,1,0,0,0,0
P_039_2,0,0,1,0,0,0,0
P_040_2,0,0,0,0,0,0,0
P_041_2,0,0,1,0,0,0,0
P_043_2,0,0,1,0,0,0,0
P_044_2,0,0,0,0,0,0,0
P_045_2,1,0,0,0,0,0,0
P_046_2,0,0,1,0,1,0,0
P_047_2,0,0,1,0,1,0,0
P_048_2,0,0,0,0,0,0,0
P_049_2,1,0,0,1,0,0,0
P_050_2,0,0,0,0,0,0,0
P_051_2,0,0,1,0,0,0,0
P_052_2,0,0,0,0,0,0,0
P_053_2,0,0,0,0,0,0,0
P_054_2,0,0,0,0,0,0,0
P_055_2,0,0,0,0,0,0,0
P_056_2,0,0,1,0,0,0,0
P_057_2,0,0,0,0,0,0,0
P_058_2,0,0,0,0,0,0,0
P_059_2,0,0,1,0,0,0,0
P_060_2,0,0,0,0,0,0,0
P_061_2,0,0,0,0,0,0,0
P_062_2,0,0,1,0,1,0,0
