,Bacteroidales,Bacteroides_buccalis,Bacteroidaceae,Bacillus_thetaiotaomicron,Bacteroides_xylanisolvens,Bacteroides_caccae,82,Bacillus_fragilis,Bacteroides_stercoris,Bacteroides_sp._HF-5287,Bacteroides_dorei,38709,Butyricimonas_faecalis,Bacteroides_splanchnicus,Alistipes_communis,Alistipes_shahii,Alistipes_onderdonkii,Parabacteroides,Bacteroides_merdae,Bacteroides_goldsteinii,Faecalibacterium,Faecalibacterium_sp._HTF-F,Faecalibacterium_sp._I3-3-89,Faecalibacterium_sp._I4-1-79,Faecalibacterium_sp._I3-3-33,Ruminococcus_bicirculans,Ruminococcus_sp._FMBCY1,Ruminococcus_bovis,Dysosmobacter_welbionis,Ruminococcaceae_bacterium_585-1,Roseburia_hominis,41824,Butyrivibrio_crossotus,Coprococcus_sp._ART55/1,Mediterraneibacter_lactaris,Lachnospiraceae_bacterium_NSJ-8,Eubacterium_eligens,Megamonas_funiformis,Veillonella_alcalescens,Enterobacteraceae,547,88126,57,729,901,239935
P_001_1,384475.0,822.0,288225.0,765698.0,95925.0,9835.0,230618.0,151971.0,70465.0,151452.0,123236.0,10030.0,16117.0,130972.0,149803.0,63057.0,322811.0,291717.0,274598.0,6604.0,453578.0,120506.0,416083.0,186156.0,159417.0,115187.0,7331.0,1596.0,223139.0,37582.0,39545.0,62178.0,101167.0,8504.0,10704.0,368650.0,86455.0,160.0,990.0,17275.0,821.0,17.0,577.0,711.0,1098.0,792715.0
P_002_1,377398.0,17368.0,64436.0,327900.0,141442.0,349179.0,553100.0,35597.0,157502.0,331218.0,83468.0,16764.0,15527.0,199986.0,121848.0,567631.0,23749.0,56802.0,134618.0,35002.0,233851.0,82530.0,30418.0,64795.0,66117.0,246568.0,9883.0,1942.0,134229.0,57275.0,52584.0,37185.0,353866.0,6117.0,23397.0,538489.0,29671.0,666.0,1266.0,20916.0,83185.0,88844.0,52343.0,17627.0,1833.0,157364.0
P_003_1,117748.0,23145.0,23752.0,77117.0,48481.0,5977.0,16086.0,9623.0,12014.0,4138.0,23610.0,12470.0,11161.0,6628.0,5915.0,6361.0,3756.0,2843.0,7250.0,2142.0,145913.0,39834.0,23069.0,46174.0,38769.0,10603.0,104769.0,1622.0,54124.0,39539.0,15171.0,33118.0,39529.0,50610.0,6107.0,32369.0,23431.0,366.0,58112.0,81004.0,1961.0,40.0,683453.0,117123.0,15489.0,1816.0
P_004_1,248637.0,1325.0,59428.0,834419.0,494203.0,1220616.0,148677.0,37272.0,219890.0,8883.0,526293.0,13175.0,14554.0,200545.0,199896.0,5206.0,48099.0,296600.0,391931.0,4870.0,279133.0,293413.0,136129.0,47284.0,29506.0,124296.0,1630.0,798.0,55190.0,58925.0,70126.0,41031.0,13472.0,4430.0,49904.0,29858.0,55745.0,34824.0,6807.0,370520.0,758.0,12.0,543.0,11004.0,3017.0,867.0
P_005_1,141672.0,9857.0,35147.0,81580.0,53487.0,3110.0,36769.0,14607.0,89136.0,2282.0,29075.0,14975.0,3577.0,15586.0,47207.0,1122.0,808.0,33291.0,68685.0,1957.0,150718.0,23030.0,11298.0,10003.0,9940.0,1857.0,8872.0,1307.0,16957.0,16706.0,14056.0,21306.0,5400.0,2721.0,3141.0,88012.0,7420.0,123521.0,150.0,674.0,134.0,0.0,114.0,263.0,248.0,1839.0
P_006_1,474861.0,5420.0,162679.0,345442.0,202734.0,48704.0,1125024.0,105286.0,57239.0,46923.0,502499.0,219112.0,10768.0,64584.0,118057.0,71288.0,171057.0,28868.0,38447.0,9983.0,414762.0,105310.0,123318.0,87370.0,84650.0,25529.0,10835.0,1416.0,52691.0,18531.0,56483.0,46050.0,34126.0,5194.0,25132.0,136787.0,100909.0,175863.0,262.0,7489.0,4529.0,4563.0,3084.0,1268.0,1334.0,26076.0
P_007_1,267575.0,12278.0,55171.0,176839.0,131094.0,80843.0,56008.0,31465.0,8309.0,6654.0,88112.0,33172.0,100693.0,63070.0,19321.0,10793.0,4323.0,18595.0,18325.0,2557.0,225067.0,195333.0,129320.0,62582.0,56211.0,45462.0,6653.0,949.0,26204.0,19474.0,20998.0,38840.0,73161.0,30885.0,18708.0,56834.0,7914.0,496.0,395.0,3651.0,370.0,7.0,393.0,423.0,21261.0,240472.0
P_008_1,155394.0,37859.0,37939.0,92329.0,71681.0,29389.0,99777.0,13625.0,24406.0,61003.0,29257.0,13405.0,18658.0,48454.0,24615.0,95869.0,10868.0,29561.0,35474.0,3729.0,271312.0,72086.0,68829.0,54666.0,41585.0,2473.0,6812.0,1776.0,30089.0,7540.0,20071.0,76702.0,41828.0,31388.0,19773.0,124282.0,28666.0,479.0,5080.0,1263409.0,20047.0,89.0,7685.0,76321.0,16147.0,1181.0
P_009_1,185660.0,15407.0,38243.0,107550.0,23814.0,7636.0,673240.0,280704.0,324709.0,4440.0,25184.0,11543.0,1658.0,31497.0,1542.0,131467.0,6044.0,29629.0,3128.0,13188.0,157914.0,113929.0,21548.0,95843.0,39383.0,9601.0,1121.0,920.0,11800.0,9864.0,19393.0,14023.0,10382.0,47106.0,4992.0,118394.0,186899.0,150.0,15873.0,80326.0,306.0,6.0,1911.0,75995.0,621.0,4943.0
P_010_1,508402.0,4649.0,178417.0,361759.0,216682.0,25193.0,1226878.0,114703.0,51493.0,26441.0,552607.0,245420.0,10649.0,58403.0,127312.0,46909.0,197978.0,28135.0,34457.0,9088.0,496963.0,123768.0,150406.0,102210.0,99375.0,13598.0,12022.0,1515.0,53416.0,17913.0,60800.0,52530.0,11600.0,5640.0,27347.0,129426.0,111806.0,207759.0,264.0,7553.0,310.0,13.0,857.0,252.0,1435.0,18179.0
P_011_1,861422.0,2896.0,268714.0,874211.0,358526.0,67637.0,430814.0,1003368.0,28574.0,19920.0,131126.0,4791.0,10880.0,43350.0,68108.0,79784.0,702314.0,56807.0,11141.0,116470.0,238522.0,31947.0,101192.0,58145.0,35752.0,2629.0,8294.0,192256.0,47267.0,49501.0,56529.0,136990.0,16535.0,10640.0,14142.0,35259.0,63411.0,241.0,1598.0,59175.0,243.0,9.0,310.0,1860.0,485.0,1704.0
P_012_1,356029.0,6186.0,76491.0,146941.0,78416.0,391371.0,86376.0,19762.0,14695.0,9350.0,63751.0,27836.0,68978.0,34888.0,22810.0,9675.0,14704.0,56766.0,48993.0,2963.0,293570.0,185744.0,44599.0,77465.0,64569.0,148714.0,11437.0,1356.0,39956.0,25924.0,28299.0,48232.0,49308.0,79727.0,13021.0,41868.0,55514.0,172.0,276.0,41019.0,44359.0,53.0,6970.0,1126.0,27408.0,5705.0
P_013_1,162063.0,21172.0,24177.0,115904.0,61464.0,26149.0,24826.0,11285.0,15017.0,2915.0,24440.0,22241.0,54161.0,38996.0,2400.0,37260.0,3738.0,8056.0,37612.0,2912.0,155814.0,68550.0,70706.0,78545.0,44928.0,9990.0,35772.0,1311.0,12950.0,6734.0,12084.0,23811.0,6369.0,14850.0,4141.0,68547.0,15819.0,843.0,239.0,1479.0,626.0,100.0,323.0,821.0,1130.0,2746.0
P_014_1,221723.0,3752.0,44367.0,37923.0,37223.0,186297.0,51405.0,15491.0,272706.0,3946.0,85813.0,8655.0,8955.0,70640.0,43150.0,22596.0,9245.0,9884.0,189913.0,3795.0,516987.0,226287.0,122986.0,147264.0,123210.0,84772.0,11142.0,2450.0,77067.0,45747.0,91547.0,129324.0,435979.0,18843.0,110063.0,649151.0,188197.0,463.0,1152.0,12360.0,875.0,70.0,738.0,941.0,2771.0,379294.0
P_015_1,132387.0,24244.0,36109.0,140664.0,70113.0,5277.0,22477.0,9674.0,7845.0,5663.0,28223.0,24054.0,21350.0,12631.0,1287.0,3296.0,1847.0,5006.0,5319.0,2500.0,156839.0,85717.0,46060.0,66050.0,52626.0,7519.0,51650.0,9797.0,17560.0,9226.0,38092.0,29273.0,834504.0,244702.0,9483.0,134738.0,80708.0,770.0,1220.0,4706.0,1723.0,8.0,527.0,2914.0,8326.0,1299.0
P_016_1,652063.0,116810.0,266036.0,434115.0,413091.0,236545.0,323146.0,66825.0,107130.0,1119855.0,138653.0,39638.0,98832.0,105477.0,50752.0,23595.0,16107.0,17257.0,46331.0,37695.0,222763.0,89903.0,334322.0,163800.0,145529.0,70586.0,9473.0,2299.0,34852.0,20768.0,68195.0,77119.0,41500.0,14310.0,27349.0,665164.0,51012.0,548.0,1483.0,2208.0,412.0,23.0,999.0,6798.0,1072.0,209683.0
P_017_1,140391.0,11090.0,20765.0,99188.0,39220.0,14028.0,93109.0,12519.0,12175.0,3443.0,96696.0,10291.0,8660.0,115155.0,68658.0,12283.0,201590.0,56389.0,15160.0,9379.0,140308.0,22406.0,14608.0,51489.0,45317.0,42113.0,14191.0,1350.0,42376.0,47398.0,28269.0,33379.0,11090.0,4855.0,6923.0,552617.0,52013.0,215044.0,3565.0,640245.0,719.0,38.0,1508.0,2333.0,53579.0,1760.0
P_018_1,234378.0,10707.0,46987.0,43258.0,44060.0,105136.0,354279.0,41394.0,7804.0,18185.0,766528.0,22657.0,22833.0,81926.0,41445.0,18327.0,79278.0,64812.0,94451.0,5964.0,467648.0,457487.0,125770.0,233327.0,221933.0,54825.0,9158.0,2077.0,42559.0,15465.0,36782.0,69403.0,607126.0,7416.0,9098.0,241605.0,10311.0,355.0,1482.0,9343.0,851.0,14.0,363.0,858.0,50407.0,1605.0
P_019_1,556518.0,39521.0,101332.0,405471.0,248170.0,146657.0,188064.0,59377.0,113862.0,12920.0,52994.0,698387.0,97754.0,53615.0,28790.0,42001.0,22986.0,72692.0,152254.0,8263.0,275757.0,178888.0,90739.0,232985.0,103754.0,381428.0,90712.0,2094.0,30750.0,13181.0,19991.0,51382.0,13765.0,4088.0,9860.0,223465.0,31346.0,630.0,340.0,7987.0,1354.0,183.0,2776.0,1741.0,4625.0,2033.0
P_020_1,157287.0,3886.0,23179.0,52452.0,26482.0,27486.0,235414.0,17271.0,97077.0,37674.0,264888.0,6028.0,7154.0,263366.0,21808.0,14404.0,100978.0,17144.0,53631.0,3976.0,154398.0,55262.0,71826.0,40552.0,34587.0,10390.0,181281.0,2113.0,125968.0,18559.0,70041.0,158003.0,399185.0,16789.0,59582.0,147807.0,253851.0,136558.0,450.0,57481.0,1255.0,26.0,301141.0,1300.0,86495.0,350425.0
P_021_1,250049.0,299391.0,51897.0,505514.0,65856.0,13170.0,299987.0,660968.0,3704.0,112830.0,1217072.0,23766.0,6187.0,156718.0,1815.0,41246.0,65534.0,31238.0,52289.0,2588.0,74257.0,17921.0,8324.0,100629.0,95035.0,823.0,10416.0,2963.0,9858.0,2506.0,11625.0,15860.0,6494.0,1955.0,7657.0,502970.0,31683.0,204.0,36647.0,63868.0,1584.0,136.0,4433.0,16907.0,537.0,1317.0
P_023_1,154696.0,45839.0,32482.0,119123.0,71364.0,12378.0,19588.0,10881.0,5474.0,4311.0,22030.0,18116.0,16546.0,7909.0,3550.0,2023.0,2114.0,2248.0,3990.0,2816.0,192728.0,181263.0,253491.0,137864.0,68980.0,15754.0,73528.0,1318.0,24988.0,4875.0,19077.0,16786.0,8594.0,38437.0,5396.0,255972.0,97505.0,382.0,1182.0,1794.0,227.0,4.0,270.0,9968.0,12929.0,3123.0
P_024_1,701742.0,7278.0,225296.0,136587.0,526434.0,17006.0,742451.0,64241.0,1848956.0,338936.0,75252.0,10105.0,17701.0,152689.0,65825.0,166051.0,264648.0,83745.0,139079.0,10151.0,277184.0,43888.0,55856.0,189792.0,165169.0,2489.0,8946.0,1396.0,29955.0,24492.0,21833.0,25456.0,5760.0,4727.0,6005.0,47642.0,97097.0,90.0,3995.0,81795.0,601.0,15.0,419.0,27689.0,1730.0,2508.0
P_025_1,320197.0,52825.0,65899.0,184909.0,248452.0,7710.0,70523.0,28236.0,30307.0,10331.0,61444.0,30838.0,30127.0,65321.0,26303.0,4097.0,11711.0,40123.0,134573.0,7699.0,220138.0,35206.0,19662.0,41257.0,34857.0,4686.0,4895.0,928.0,38356.0,9809.0,27982.0,77383.0,7740.0,2904.0,7103.0,156210.0,3379.0,3304743.0,266.0,78738.0,594.0,5.0,642.0,309.0,396.0,192408.0
P_026_1,191675.0,48163.0,37430.0,120632.0,45787.0,16441.0,18556.0,26039.0,7143.0,8897.0,30992.0,15610.0,11527.0,33825.0,4905.0,5368.0,7751.0,26980.0,17733.0,2798.0,196724.0,33369.0,29739.0,43125.0,38501.0,2110.0,6799.0,1057.0,18474.0,5583.0,6359.0,14415.0,20767.0,4057.0,2572.0,65373.0,4626.0,278.0,295.0,9404.0,1529.0,133.0,349.0,913.0,16735.0,1290.0
P_027_1,140967.0,15988.0,33384.0,241922.0,73978.0,4898.0,48915.0,9534.0,3451.0,2663.0,36476.0,32821.0,19143.0,41808.0,1277.0,1496.0,2386.0,12618.0,3074.0,16105.0,288044.0,117667.0,93015.0,70654.0,49900.0,61710.0,20133.0,2369.0,22672.0,12257.0,54027.0,43338.0,124306.0,4828.0,85853.0,109899.0,18625.0,601.0,10232.0,3772.0,2610.0,20.0,533.0,24228.0,44707.0,470332.0
P_028_1,175605.0,32701.0,55452.0,134086.0,107726.0,60842.0,33875.0,15559.0,7582.0,16871.0,188658.0,26412.0,18740.0,34983.0,25638.0,3913.0,1809.0,4653.0,22646.0,4113.0,262083.0,162260.0,63168.0,123011.0,83881.0,14892.0,4744.0,94880.0,46852.0,15225.0,48142.0,37111.0,21735.0,28419.0,11646.0,150137.0,42095.0,4824.0,1970.0,23859.0,701.0,19.0,537.0,3311.0,31468.0,1434.0
P_029_1,179255.0,853.0,55334.0,80045.0,59563.0,64682.0,207279.0,23860.0,34701.0,27472.0,194725.0,39683.0,6282.0,99034.0,37796.0,49754.0,20734.0,83418.0,238186.0,3955.0,172568.0,65120.0,72046.0,31584.0,27769.0,6922.0,382299.0,3507.0,55729.0,23831.0,61771.0,141768.0,25701.0,525592.0,31971.0,97245.0,131817.0,606791.0,670.0,1942.0,532.0,18.0,430.0,344.0,67244.0,298055.0
P_030_1,520844.0,1633.0,89588.0,145390.0,256692.0,29046.0,1937070.0,63870.0,25355.0,14625.0,102887.0,82426.0,2737.0,26323.0,157845.0,31569.0,874081.0,12284.0,34421.0,11814.0,272961.0,61856.0,47478.0,91403.0,77249.0,3535.0,4395.0,1577.0,46403.0,20612.0,67968.0,63642.0,19185.0,7477.0,18342.0,236038.0,185249.0,232.0,1547.0,35312.0,560.0,7.0,405.0,4284.0,1358.0,2768.0
P_031_1,100467.0,14179.0,25900.0,141498.0,43304.0,4199.0,20382.0,11744.0,6059.0,3886.0,65543.0,36251.0,60828.0,23402.0,2145.0,3450.0,2673.0,9091.0,29612.0,3785.0,171611.0,102789.0,70614.0,203300.0,83567.0,23181.0,276137.0,2624.0,54407.0,23911.0,49118.0,41237.0,708262.0,16974.0,17646.0,328116.0,105380.0,859.0,106.0,3569.0,576.0,32.0,2028.0,2685.0,47568.0,1983.0
P_032_1,342352.0,54121.0,84722.0,307337.0,120253.0,6405.0,168252.0,19980.0,8691.0,5407.0,45410.0,56148.0,21554.0,12720.0,3153.0,51433.0,18719.0,50005.0,187420.0,3280.0,261980.0,16668.0,277036.0,23055.0,19289.0,7202.0,5709.0,1495.0,13651.0,9534.0,32374.0,14908.0,831843.0,188776.0,23562.0,917642.0,402109.0,270.0,148148.0,22182.0,52294.0,104.0,36981.0,453959.0,382.0,1118.0
P_033_1,184145.0,5780.0,28809.0,219002.0,144336.0,41907.0,99429.0,12153.0,111330.0,11772.0,48341.0,18624.0,53722.0,103485.0,32122.0,110778.0,55888.0,52287.0,183261.0,23839.0,427178.0,263517.0,99934.0,270596.0,242543.0,9207.0,52878.0,15548.0,29395.0,13405.0,72519.0,113964.0,34124.0,14750.0,48822.0,140516.0,182144.0,1059.0,10658.0,136152.0,5995.0,71.0,5347.0,57838.0,33457.0,46434.0
P_034_1,207267.0,424.0,39536.0,88771.0,25935.0,215449.0,895805.0,93798.0,99592.0,3148.0,39484.0,19241.0,3429.0,126635.0,136535.0,102992.0,469921.0,35374.0,146254.0,2729.0,172376.0,45669.0,24311.0,78314.0,72789.0,9249.0,5500525.0,2723.0,62903.0,56491.0,55764.0,56332.0,47128.0,9142.0,23077.0,259536.0,99336.0,38588.0,511.0,6694.0,457.0,34.0,369.0,685.0,320.0,938409.0
P_035_1,264563.0,6579.0,82980.0,107521.0,131046.0,93150.0,155846.0,18416.0,10737.0,52484.0,17516.0,916970.0,8096.0,70882.0,53572.0,74982.0,130458.0,13809.0,396962.0,3010.0,267491.0,222569.0,44146.0,119083.0,100891.0,5863.0,6229.0,2182.0,21420.0,8848.0,17748.0,13872.0,6646.0,3127.0,10839.0,165736.0,84297.0,3875.0,10843.0,24538.0,270.0,7.0,242.0,72090.0,699.0,55906.0
P_036_1,169846.0,205.0,27509.0,91468.0,20004.0,111756.0,631968.0,9898.0,275854.0,25940.0,62211.0,5032.0,4259.0,128014.0,141516.0,240405.0,12267.0,119370.0,118604.0,41021.0,218915.0,29786.0,30281.0,105815.0,93303.0,457537.0,13392.0,24851.0,239819.0,69542.0,46640.0,18089.0,259433.0,7390.0,33240.0,36493.0,21298.0,1175.0,175.0,148710.0,2054.0,85.0,906.0,468.0,1613.0,58101.0
P_037_1,216413.0,44792.0,66395.0,157815.0,95203.0,44590.0,135286.0,23770.0,22039.0,24436.0,54938.0,24078.0,26836.0,51623.0,5680.0,17019.0,10518.0,19046.0,117387.0,7082.0,86582.0,31421.0,20144.0,51854.0,39904.0,29339.0,13910.0,11144.0,46147.0,13355.0,84250.0,40393.0,728553.0,10197.0,73516.0,311722.0,87186.0,441.0,20032.0,8409.0,2224.0,58.0,1683.0,7754.0,38126.0,149033.0
P_038_1,178365.0,30712.0,34167.0,99003.0,55714.0,7850.0,22427.0,19479.0,5895.0,6191.0,17014.0,16370.0,10375.0,8588.0,4054.0,3421.0,7536.0,9055.0,15518.0,2360.0,131679.0,80978.0,38771.0,35253.0,29498.0,6599.0,6468.0,1855.0,24967.0,9228.0,18699.0,12630.0,115975.0,30621.0,8062.0,106777.0,64320.0,313.0,782.0,4277.0,816.0,28.0,317.0,13917.0,769.0,15432.0
P_039_1,826151.0,12597.0,93066.0,475446.0,289598.0,670066.0,285705.0,1899872.0,13681.0,112102.0,89661.0,7118.0,1354.0,24616.0,14814.0,29815.0,31854.0,149250.0,12095.0,2471.0,1354486.0,75867.0,352520.0,264144.0,243176.0,1283.0,1296.0,418.0,2868.0,2925.0,55146.0,165136.0,11063.0,5209.0,9721.0,29062.0,46142.0,360462.0,178.0,54160.0,610.0,5.0,800.0,249.0,2872.0,1193.0
P_040_1,178062.0,61544.0,26667.0,108499.0,77247.0,10884.0,49123.0,15465.0,8840.0,5074.0,21293.0,15965.0,56566.0,29942.0,3107.0,5143.0,4747.0,30080.0,83123.0,4230.0,294908.0,110859.0,216265.0,183123.0,107236.0,3280.0,3847.0,957.0,52025.0,31097.0,17842.0,78914.0,6753.0,14841.0,6511.0,76876.0,8959.0,546.0,2428.0,4261.0,624.0,3.0,718.0,597.0,33619.0,2030.0
P_041_1,109293.0,7931.0,15902.0,29390.0,24297.0,195023.0,21638.0,8647.0,25395.0,2128.0,146706.0,3858.0,6385.0,30692.0,8369.0,5613.0,1491.0,5921.0,16972.0,125202.0,136707.0,71589.0,45459.0,41590.0,39284.0,12485.0,15227.0,2647.0,66772.0,751861.0,112070.0,148400.0,570975.0,91354.0,11753.0,194008.0,91393.0,513.0,713.0,72138.0,2126.0,16.0,879.0,1041.0,55786.0,1117242.0
P_043_1,154331.0,1502.0,18478.0,62967.0,35842.0,7681.0,342451.0,9538.0,57735.0,2325.0,72975.0,11867.0,2576.0,32288.0,226550.0,45243.0,105540.0,101411.0,104997.0,13249.0,500044.0,241511.0,94114.0,91439.0,92638.0,9237.0,14752.0,1970.0,100033.0,68286.0,34369.0,55366.0,328739.0,5960.0,12938.0,229633.0,35751.0,186.0,1554.0,2749.0,577.0,17.0,459.0,7832.0,1064.0,2459.0
P_044_1,360074.0,3863.0,40723.0,186085.0,231988.0,16570.0,222885.0,113679.0,5311.0,6236.0,369954.0,3777.0,6150.0,28586.0,184398.0,200486.0,25247.0,65556.0,90054.0,7709.0,494610.0,103913.0,113854.0,139138.0,139154.0,687745.0,19268.0,4300.0,56522.0,42970.0,71111.0,47307.0,31814.0,21400.0,108161.0,209453.0,719978.0,364.0,679.0,2936.0,863.0,30.0,665.0,1322.0,67024.0,2383.0
P_045_1,296477.0,395.0,41958.0,31969.0,111460.0,6953.0,726004.0,14624.0,7329.0,4975.0,49432.0,4232.0,1638.0,24272.0,122456.0,41644.0,73539.0,30814.0,2121.0,1410.0,98651.0,76904.0,28546.0,23577.0,25141.0,39807.0,3128.0,492.0,32409.0,19076.0,24216.0,42068.0,4504.0,2174.0,3851.0,68458.0,5221.0,84.0,20.0,612.0,170.0,1.0,114.0,36.0,247.0,11859.0
P_046_1,159407.0,25738.0,32922.0,215356.0,68486.0,51680.0,39884.0,26417.0,245075.0,5190.0,60844.0,20725.0,23865.0,36626.0,34489.0,24688.0,19409.0,83843.0,26691.0,2401.0,98735.0,57021.0,28013.0,19502.0,19424.0,344890.0,584119.0,3853.0,88345.0,31855.0,39838.0,37834.0,14844.0,6336.0,11542.0,113714.0,81861.0,588.0,216.0,9622.0,701.0,15.0,627.0,271.0,91957.0,21825.0
P_047_1,578463.0,1207.0,109498.0,460029.0,293057.0,354359.0,499895.0,252645.0,35328.0,83974.0,1387061.0,24174.0,6385.0,166435.0,32327.0,335429.0,211254.0,95036.0,19877.0,14205.0,205184.0,36841.0,30364.0,62986.0,59755.0,3748.0,105855.0,1149.0,50746.0,21693.0,76401.0,224924.0,24903.0,6672.0,11555.0,602844.0,182167.0,290.0,14604.0,446601.0,16693.0,40.0,4671.0,8939.0,1579.0,21288.0
P_048_1,454101.0,3790.0,111336.0,192576.0,111544.0,351114.0,348457.0,47477.0,234217.0,7166.0,99047.0,34679.0,5135.0,154585.0,124837.0,184477.0,333421.0,65347.0,192848.0,17138.0,418581.0,83546.0,45683.0,171171.0,136643.0,48469.0,7475.0,1205.0,69948.0,15853.0,27769.0,39573.0,9245.0,113174.0,8276.0,64926.0,16507.0,199846.0,11460.0,7497.0,469.0,2.0,385.0,15123.0,5848.0,50765.0
P_049_1,288471.0,37976.0,51329.0,290526.0,109486.0,237577.0,431576.0,94662.0,106673.0,242763.0,182144.0,14618.0,11744.0,155534.0,78610.0,374332.0,23313.0,42851.0,100132.0,25532.0,226176.0,75897.0,27558.0,66825.0,67373.0,265207.0,9145.0,1918.0,89931.0,41157.0,45050.0,47614.0,276434.0,5255.0,19982.0,459233.0,29995.0,543.0,4802.0,27960.0,83969.0,85268.0,76577.0,13637.0,1111.0,103202.0
P_050_1,144693.0,56334.0,25683.0,264242.0,47592.0,8387.0,39416.0,27554.0,10616.0,5170.0,21359.0,18608.0,18477.0,32657.0,24676.0,4502.0,15286.0,16132.0,88203.0,3800.0,126782.0,53003.0,28355.0,97376.0,41524.0,8624.0,4224.0,1477.0,35118.0,23522.0,15021.0,21870.0,5751.0,30487.0,3966.0,44851.0,9563.0,520.0,353.0,33857.0,961.0,157.0,506.0,2363.0,842.0,3714.0
P_051_1,330711.0,70050.0,60795.0,245567.0,180365.0,7809.0,41744.0,27452.0,9402.0,7530.0,57765.0,52691.0,38019.0,28311.0,2603.0,3490.0,3278.0,5686.0,4227.0,3670.0,506918.0,376534.0,75575.0,200555.0,177427.0,2168.0,3615.0,88605.0,14299.0,8064.0,21122.0,76271.0,130776.0,9674.0,6322.0,156576.0,150735.0,605.0,42630.0,39364.0,549.0,31.0,603.0,17576.0,898.0,2202.0
P_052_1,250049.0,299391.0,51897.0,505514.0,65856.0,13170.0,299987.0,660968.0,3704.0,112830.0,1217072.0,23766.0,6187.0,156718.0,1815.0,41246.0,65534.0,31238.0,52289.0,2588.0,74257.0,17921.0,8324.0,100629.0,95035.0,823.0,10416.0,2963.0,9858.0,2506.0,11625.0,15860.0,6494.0,1955.0,7657.0,502970.0,31683.0,204.0,36647.0,63868.0,1584.0,136.0,4433.0,16907.0,537.0,1317.0
P_053_1,571291.0,393.0,107597.0,457885.0,116968.0,12773.0,2902526.0,155545.0,121902.0,68924.0,1780398.0,8578.0,10533.0,140419.0,55515.0,117873.0,249541.0,9489.0,17573.0,17231.0,85963.0,23857.0,22794.0,17256.0,18717.0,941.0,9700.0,1176.0,356751.0,26111.0,13222.0,79943.0,3129.0,4378.0,49304.0,8367.0,2831.0,98.0,35.0,3600.0,373.0,5.0,345.0,102.0,3837.0,128991.0
P_054_1,687473.0,625.0,221849.0,340892.0,64938.0,15339.0,1904321.0,469264.0,10059.0,9428.0,257046.0,5783.0,75025.0,78297.0,260890.0,27985.0,257148.0,217900.0,15351.0,2484.0,151096.0,25759.0,18462.0,171638.0,134313.0,230192.0,418643.0,1693.0,140785.0,26781.0,68908.0,650169.0,29582.0,13230.0,84900.0,66769.0,197638.0,363.0,299.0,2800.0,388.0,10.0,354.0,478.0,966.0,4421.0
P_055_1,113599.0,14748.0,24515.0,65710.0,27096.0,24097.0,58162.0,10512.0,13526.0,2788.0,21259.0,7800.0,9457.0,72839.0,8326.0,3799.0,33269.0,4206.0,12945.0,73363.0,91458.0,89010.0,31115.0,25643.0,20223.0,7732.0,37667.0,5741.0,30282.0,15040.0,10283.0,191115.0,53877.0,6908.0,9136.0,23960.0,33511.0,202.0,217.0,7641.0,440.0,16.0,525.0,4023.0,283.0,120282.0
P_056_1,304494.0,67602.0,40516.0,124517.0,124455.0,72979.0,159743.0,30902.0,17843.0,103949.0,26640.0,24242.0,16585.0,72897.0,3371.0,19290.0,7553.0,19885.0,40121.0,6397.0,115327.0,30942.0,18840.0,16609.0,15445.0,1164.0,1684.0,556.0,26850.0,9417.0,26594.0,24952.0,5991.0,72861.0,6069.0,128306.0,76085.0,150.0,81513.0,159837.0,8282.0,40.0,31708.0,26678.0,171.0,1200.0
P_057_1,301369.0,15422.0,46758.0,133451.0,83173.0,164200.0,151358.0,59955.0,133987.0,41828.0,63314.0,114002.0,14759.0,95558.0,33190.0,170168.0,335248.0,31456.0,117535.0,3079.0,353763.0,263827.0,110381.0,122423.0,125662.0,77408.0,877528.0,6799.0,59676.0,30234.0,34468.0,68257.0,15023.0,27646.0,10291.0,49652.0,67748.0,379.0,21934.0,80024.0,4817.0,230.0,43339.0,71709.0,35546.0,296808.0
P_058_1,490881.0,1747.0,103252.0,652458.0,114755.0,995549.0,470747.0,30759.0,7182.0,47723.0,85062.0,27750.0,6695.0,127709.0,20559.0,208050.0,22250.0,120520.0,126495.0,18260.0,208796.0,242064.0,92045.0,235048.0,112857.0,3804.0,5477.0,1073.0,80247.0,144012.0,31731.0,70354.0,12685.0,66892.0,55053.0,27365.0,389834.0,212.0,582.0,1228894.0,6927.0,3465.0,5055.0,17114.0,1803.0,731177.0
P_059_1,297243.0,14648.0,49139.0,252043.0,108449.0,289913.0,363076.0,28270.0,131900.0,266970.0,65364.0,12887.0,12641.0,151664.0,98330.0,415665.0,17139.0,44635.0,96195.0,23897.0,132157.0,46645.0,17703.0,39483.0,40694.0,168989.0,7648.0,1350.0,86234.0,36276.0,34250.0,22681.0,284091.0,4136.0,15755.0,304929.0,21235.0,453.0,929.0,12604.0,54243.0,59105.0,29331.0,13821.0,1205.0,120579.0
P_060_1,171232.0,39453.0,36290.0,184034.0,104057.0,16369.0,157202.0,13869.0,169180.0,4909.0,42355.0,15941.0,19640.0,28871.0,87277.0,21725.0,108811.0,50976.0,42036.0,2253.0,403121.0,46809.0,32852.0,134277.0,110822.0,8521.0,3191.0,868.0,58998.0,16888.0,20370.0,27502.0,9263.0,3319.0,5409.0,76966.0,95406.0,183.0,401.0,72470.0,684.0,155.0,6261.0,718.0,830.0,2655.0
P_061_2,154238.0,57837.0,33290.0,138989.0,56105.0,6695.0,38205.0,25736.0,11089.0,25526.0,41064.0,13579.0,11570.0,35910.0,5295.0,31047.0,22384.0,87619.0,52664.0,2271.0,224782.0,38484.0,19241.0,37285.0,31971.0,2919.0,3985.0,1785.0,21745.0,7742.0,14980.0,22100.0,9788.0,15887.0,5575.0,17945.0,24382.0,285518.0,1921.0,12243.0,864.0,20.0,386.0,1381.0,63514.0,961.0
P_062_1,1179209.0,14463.0,262751.0,275721.0,570624.0,722536.0,703923.0,37717.0,9303.0,58932.0,2006769.0,11197.0,20621.0,14600.0,68227.0,124812.0,364228.0,201917.0,51444.0,14766.0,436576.0,268357.0,76037.0,195084.0,191100.0,180027.0,704670.0,1326.0,60852.0,24683.0,65513.0,448100.0,17466.0,20230.0,62546.0,161804.0,92103.0,318.0,102.0,224878.0,846.0,20.0,647.0,1137.0,1878.0,1773.0
